158 fighter wing	158_fighter_wing
a_a_r airlines	a_a_r_airlines
a_b_c aerolineas	a_b_c_aerolineas
a_b_c hungary	a_b_c_hungary
a_k shoumkar	a_k_shoumkar
a_m_c airlines	a_m_c_airlines
a_v util	a_v_util
abakan air	abakan_air
academy air	academy_air
ace air	ace_air
ace taxi	ace_taxi
ack air	ack_air
action air	action_air
active aero	active_aero
ad astra	ad_astra
ada air	ada_air
adam sky	adam_sky
addis cargo	addis_cargo
addis line	addis_line
ade aviacion	ade_aviacion
adro servicios	adro_servicios
advance aviation	advance_aviation
aer arann	aer_arann
aerea delnorte	aerea_delnorte
aerea training	aerea_training
aereo autlan	aereo_autlan
aereo dorado	aereo_dorado
aereo futuro	aereo_futuro
aereo gee-bee-emm	aereo_gee_bee_emm
aereo paraza	aereo_paraza
aereo principal	aereo_principal
aereos saar	aereos_saar
aereos selva	aereos_selva
aerial tranz	aerial_tranz
aerlineas centrales	aerlineas_centrales
aero africa	aero_africa
aero aguascalinetes	aero_aguascalinetes
aero alentejo	aero_alentejo
aero alfe	aero_alfe
aero asia	aero_asia
aero attie	aero_attie
aero avcom	aero_avcom
aero bg	aero_bg
aero bonanza	aero_bonanza
aero cabos	aero_cabos
aero castellana	aero_castellana
aero citro	aero_citro
aero clinker	aero_clinker
aero coach	aero_coach
aero colombia	aero_colombia
aero comerciales	aero_comerciales
aero comondu	aero_comondu
aero continente	aero_continente
aero costa	aero_costa
aero czech	aero_czech
aero davinci	aero_davinci
aero denim	aero_denim
aero domingo	aero_domingo
aero dynamic	aero_dynamic
aero emm-gee-emm	aero_emm_gee_emm
aero empresa	aero_empresa
aero enterprise	aero_enterprise
aero ermes	aero_ermes
aero estergom	aero_estergom
aero georgia	aero_georgia
aero guerrero	aero_guerrero
aero gulf	aero_gulf
aero homex	aero_homex
aero humaya	aero_humaya
aero jbr	aero_jbr
aero jomacha	aero_jomacha
aero lanka	aero_lanka
aero lasare	aero_lasare
aero lloyd	aero_lloyd
aero mongolia	aero_mongolia
aero nitra	aero_nitra
aero occidental	aero_occidental
aero occidente	aero_occidente
aero owen	aero_owen
aero pena	aero_pena
aero platinum	aero_platinum
aero poniente	aero_poniente
aero roa	aero_roa
aero servicios	aero_servicios
aero squad	aero_squad
aero thebe	aero_thebe
aero tomza	aero_tomza
aero torreon	aero_torreon
aero transam	aero_transam
aero tropical	aero_tropical
aero turisticas	aero_turisticas
aero vigo	aero_vigo
aero vilamoura	aero_vilamoura
aero vina	aero_vina
aero xabre	aero_xabre
aero yaqui	aero_yaqui
aero zambia	aero_zambia
aero zee	aero_zee
aero zodiac	aero_zodiac
aerolineas albatros	aerolineas_albatros
aerolineas medellin	aerolineas_medellin
aeromas express	aeromas_express
aeromax spain	aeromax_spain
aeronaves tsm	aeronaves_tsm
aerotaxi dvz	aerotaxi_dvz
aerovias golfo	aerovias_golfo
affaires tchad	affaires_tchad
afghan jet	afghan_jet
afric alliance	afric_alliance
africa chartered	africa_chartered
africa express	africa_express
africa links	africa_links
african airlines	african_airlines
african eagle	african_eagle
african sky	african_sky
african star	african_star
african transport	african_transport
african west	african_west
afrique vacance	afrique_vacance
aguas negras	aguas_negras
aie experience	aie_experience
aigle azur	aigle_azur
aim air	aim_air
air ada	air_ada
air afghanistan	air_afghanistan
air alada	air_alada
air albania	air_albania
air algerie	air_algerie
air am	air_am
air ambar	air_ambar
air amder	air_amder
air anatolia	air_anatolia
air andaman	air_andaman
air angkor	air_angkor
air angol	air_angol
air arctic	air_arctic
air armenia	air_armenia
air astro	air_astro
air atlas	air_atlas
air aurora	air_aurora
air avalair	air_avalair
air avita	air_avita
air b-v-i	air_b_v_i
air baffin	air_baffin
air bagan	air_bagan
air balear	air_balear
air baltic	air_baltic
air bama	air_bama
air bane	air_bane
air bangla	air_bangla
air barinas	air_barinas
air belgium	air_belgium
air benin	air_benin
air berlin	air_berlin
air bishkek	air_bishkek
air bissau	air_bissau
air boats	air_boats
air bosna	air_bosna
air busan	air_busan
air cadet	air_cadet
air camai	air_camai
air canada	air_canada
air canton	air_canton
air cargo egypt	air_cargo_egypt
air carriacou	air_carriacou
air cassai	air_cassai
air chaba	air_chaba
air chaika	air_chaika
air chester	air_chester
air chief	air_chief
air china	air_china
air class	air_class
air college	air_college
air columbus	air_columbus
air comores	air_comores
air company	air_company
air consul	air_consul
air cordoba	air_cordoba
air courier	air_courier
air crane	air_crane
air crete	air_crete
air crown	air_crown
air cruzal	air_cruzal
air cymru	air_cymru
air dardan	air_dardan
air data	air_data
air dim	air_dim
air djib	air_djib
air do	air_do
air dom	air_dom
air dreams	air_dreams
air ecomex	air_ecomex
air erie	air_erie
air europe	air_europe
air exclusive	air_exclusive
air exel	air_exel
air exports	air_exports
air express	air_express
air finland	air_finland
air florida	air_florida
air freighter	air_freighter
air frontier	air_frontier
air future	air_future
air gefco	air_gefco
air georgia	air_georgia
air ghana	air_ghana
air glaciers	air_glaciers
air global	air_global
air greece	air_greece
air grischa	air_grischa
air group	air_group
air guam	air_guam
air gulfpearl	air_gulfpearl
air hamburg	air_hamburg
air haw	air_haw
air hong kong	air_hong_kong
air hop	air_hop
air hungaria	air_hungaria
air huron	air_huron
air igap	air_igap
air illinois	air_illinois
air incheon	air_incheon
air indiana	air_indiana
air inuit	air_inuit
air italy	air_italy
air jamahiriya	air_jamahiriya
air japan	air_japan
air jinghua	air_jinghua
air johnson	air_johnson
air juneyao	air_juneyao
air kapa	air_kapa
air kazakstan	air_kazakstan
air kiribati	air_kiribati
air kirovograd	air_kirovograd
air kittyhawwk	air_kittyhawwk
air klaipeda	air_klaipeda
air koryo	air_koryo
air kraft mir	air_kraft_mir
air kuban	air_kuban
air kudos	air_kudos
air l-a	air_l_a
air lanme	air_lanme
air leader	air_leader
air libya	air_libya
air life	air_life
air lubo	air_lubo
air macau	air_macau
air madagascar	air_madagascar
air madeleine	air_madeleine
air madina	air_madina
air majoro	air_majoro
air maken	air_maken
air malta	air_malta
air manas	air_manas
air manda	air_manda
air marine	air_marine
air maritime	air_maritime
air marrakech	air_marrakech
air marshalls	air_marshalls
air martinique	air_martinique
air med	air_med
air memphis	air_memphis
air midwest	air_midwest
air minas	air_minas
air minvody	air_minvody
air moldova	air_moldova
air montreal	air_montreal
air moorea	air_moorea
air munich	air_munich
air muskoka	air_muskoka
air nacoia	air_nacoia
air nantes	air_nantes
air napier	air_napier
air nepal	air_nepal
air nevada	air_nevada
air niagara	air_niagara
air niamey	air_niamey
air nikolaev	air_nikolaev
air nostrum	air_nostrum
air odon	air_odon
air ohio	air_ohio
air opale	air_opale
air ops	air_ops
air orenda	air_orenda
air palace	air_palace
air parcel	air_parcel
air partner	air_partner
air peach	air_peach
air plus	air_plus
air pohang	air_pohang
air polonia	air_polonia
air poltava	air_poltava
air portugal	air_portugal
air prague	air_prague
air professional	air_professional
air prop	air_prop
air quantex	air_quantex
air quasar	air_quasar
air quest	air_quest
air rarotonga	air_rarotonga
air red	air_red
air resorts	air_resorts
air ring	air_ring
air roberval	air_roberval
air romania	air_romania
air royal	air_royal
air rum	air_rum
air safar	air_safar
air saigon	air_saigon
air saintlouis	air_saintlouis
air salone	air_salone
air salzburg	air_salzburg
air sandy	air_sandy
air sankore	air_sankore
air sante	air_sante
air sask	air_sask
air senegal	air_senegal
air senok	air_senok
air seoul	air_seoul
air serbia	air_serbia
air shuttle	air_shuttle
air sial	air_sial
air silesia	air_silesia
air sinai	air_sinai
air skopje	air_skopje
air skorpio	air_skorpio
air sofia	air_sofia
air soleil	air_soleil
air somalia	air_somalia
air sorel	air_sorel
air spirit	air_spirit
air sport	air_sport
air spray	air_spray
air spring	air_spring
air spur	air_spur
air star	air_star
air sudex	air_sudex
air sunshine	air_sunshine
air sweden	air_sweden
air tahiti	air_tahiti
air tara	air_tara
air taurus	air_taurus
air tenglong	air_tenglong
air thunder	air_thunder
air today	air_today
air togo	air_togo
air tony	air_tony
air top	air_top
air tractor	air_tractor
air trader	air_trader
air trans	air_trans
air transat	air_transat
air transport	air_transport
air travel	air_travel
air turquoise	air_turquoise
air tyumen	air_tyumen
air ukraine	air_ukraine
air umbria	air_umbria
air universe	air_universe
air v-h	air_v_h
air valencia	air_valencia
air vallee	air_vallee
air van	air_van
air vegas	air_vegas
air virginia	air_virginia
air vosges	air_vosges
air yakutia	air_yakutia
air yangon	air_yangon
air ying an	air_ying_an
air zermatt	air_zermatt
air zimbabwe	air_zimbabwe
airbridge cargo	airbridge_cargo
airbus france	airbus_france
airbus industrie	airbus_industrie
airchina freight	airchina_freight
aircompany khors	aircompany_khors
aircraft sales	aircraft_sales
aire hampton	aire_hampton
airest cargo	airest_cargo
airlines aladia	airlines_aladia
airlines star	airlines_star
airlink bahamas	airlink_bahamas
airom flyer	airom_flyer
airpack express	airpack_express
airport helicopter	airport_helicopter
airteam varna	airteam_varna
al ahram	al_ahram
al jabeer	al_jabeer
al rida	al_rida
al-dawood air	al_dawood_air
al-rais cargo	al_rais_cargo
alada air	alada_air
alamia air	alamia_air
alaska island	alaska_island
alaska pacific	alaska_pacific
albatros espana	albatros_espana
alberta citylink	alberta_citylink
alcoa shuttle	alcoa_shuttle
aldawlyh air	aldawlyh_air
aldonas air	aldonas_air
algerian airforce	algerian_airforce
alkan air	alkan_air
all africa	all_africa
all nippon	all_nippon
all star	all_star
all west	all_west
alliance air	alliance_air
alok air	alok_air
alpi eagles	alpi_eagles
alpin heli	alpin_heli
alpine air	alpine_air
alpine nepal	alpine_nepal
alpine star	alpine_star
alsaqer aviation	alsaqer_aviation
altyn avia	altyn_avia
amako air	amako_air
amakusa air	amakusa_air
ambjek air	ambjek_air
amer air	amer_air
american check	american_check
american falcon	american_falcon
american flyers	american_flyers
amiya air	amiya_air
ancargo air	ancargo_air
angel air	angel_air
angel flight	angel_flight
angel med	angel_med
angel wings	angel_wings
angeles america	angeles_america
angkor air	angkor_air
angkor wat	angkor_wat
anglo jet	anglo_jet
angola charter	angola_charter
animal flights	animal_flights
ank air	ank_air
anka cargo	anka_cargo
antalya bird	antalya_bird
antonov bureau	antonov_bureau
apa internacional	apa_internacional
apoyo aereo	apoyo_aereo
arab wings	arab_wings
arabia egypt	arabia_egypt
arabia maroc	arabia_maroc
arabian transport	arabian_transport
aral air	aral_air
ararat airline	ararat_airline
archangelsk air	archangelsk_air
arctic eagle	arctic_eagle
arctic transport	arctic_transport
arctic wings	arctic_wings
arcus air	arcus_air
are aviacion	are_aviacion
arik air	arik_air
arizona pacific	arizona_pacific
arrow jet	arrow_jet
arrow panama	arrow_panama
art austria	art_austria
asa pesada	asa_pesada
asia cargo	asia_cargo
asia medical	asia_medical
asia overnight	asia_overnight
asia world	asia_world
asian spirit	asian_spirit
asian star	asian_star
askari air	askari_air
aspen base	aspen_base
astral cargo	astral_cargo
atalar air	atalar_air
atlant hungary	atlant_hungary
atlantic gabon	atlantic_gabon
atlantic gambia	atlantic_gambia
atlantic honduras	atlantic_honduras
atlantic jet	atlantic_jet
atlantic leone	atlantic_leone
atlantic nicaragua	atlantic_nicaragua
atlantis air	atlantis_air
atlantis canada	atlantis_canada
atlantis liner	atlantis_liner
atlas avia	atlas_avia
atlas blue	atlas_blue
atlas cargolines	atlas_cargolines
atlas exec	atlas_exec
atlas ukraine	atlas_ukraine
atoll cargo	atoll_cargo
attawasol air	attawasol_air
atuneros unidos	atuneros_unidos
audi air	audi_air
augsburg air	augsburg_air
auric services	auric_services
aurora air	aurora_air
austrain ambulance	austrain_ambulance
austrian airforce	austrian_airforce
austrian ambulance	austrian_ambulance
austrian charter	austrian_charter
austro aereo	austro_aereo
avag air	avag_air
avanti air	avanti_air
avia donbass	avia_donbass
avia lloyd	avia_lloyd
avia nur	avia_nur
avia puebla	avia_puebla
aviation amos	aviation_amos
aviation college	aviation_college
aviation plant	aviation_plant
aviation service	aviation_service
aviation work	aviation_work
avio sluzba	avio_sluzba
avion express	avion_express
aviones are	aviones_are
aviones unidos	aviones_unidos
avior regional	avior_regional
awood air	awood_air
azov avia	azov_avia
aztec air	aztec_air
aztec world	aztec_world
azza transport	azza_transport
b_c_m airlines	b_c_m_airlines
babel air	babel_air
baby jet	baby_jet
badr air	badr_air
bai fly	bai_fly
baja air	baja_air
bako air	bako_air
balear express	balear_express
balkan agro	balkan_agro
balkan holidays	balkan_holidays
baltic airlines	baltic_airlines
baltic east	baltic_east
baltic helicopters	baltic_helicopters
baltic jet	baltic_jet
baltic meridians	baltic_meridians
baltijas helicopters	baltijas_helicopters
bangkok air	bangkok_air
bangkok dusit	bangkok_dusit
bangla star	bangla_star
baoneng jet	baoneng_jet
bar harbor	bar_harbor
barken jet	barken_jet
barnacle air	barnacle_air
bass exec	bass_exec
bay flight	bay_flight
bay jet	bay_jet
bayon air	bayon_air
bee med	bee_med
beebee airways	beebee_airways
beech test	beech_test
beeveegee viajes	beeveegee_viajes
beijing vista	beijing_vista
bel sky	bel_sky
belarus avia	belarus_avia
belgian airforce	belgian_airforce
belgian army	belgian_army
belgian coastguard	belgian_coastguard
belgian genermerie	belgian_genermerie
belgian navy	belgian_navy
belleair europe	belleair_europe
bellview airlines	bellview_airlines
benin cargo	benin_cargo
benina air	benina_air
bentiu air	bentiu_air
bergen air	bergen_air
bering air	bering_air
berlin bear	berlin_bear
best air	best_air
beta cargo	beta_cargo
bhutan air	bhutan_air
big a	big_a
big apple	big_apple
big bend	big_bend
big bird	big_bird
big isle	big_isle
big shot	big_shot
big sky	big_sky
big wing	big_wing
bighorn air	bighorn_air
billa transport	billa_transport
bird air	bird_air
bird express	bird_express
bird jet	bird_jet
bissau airlines	bissau_airlines
bissau airsystem	bissau_airsystem
bissau discovery	bissau_discovery
bissau international	bissau_international
black bear	black_bear
black fin	black_fin
black phoenix	black_phoenix
black sea	black_sea
blue air	blue_air
blue airlines	blue_airlines
blue armenia	blue_armenia
blue berry	blue_berry
blue boy	blue_boy
blue cargo	blue_cargo
blue crane	blue_crane
blue dart	blue_dart
blue flame	blue_flame
blue goose	blue_goose
blue horizon	blue_horizon
blue island	blue_island
blue jay	blue_jay
blue korea	blue_korea
blue mast	blue_mast
blue max	blue_max
blue messenger	blue_messenger
blue nile	blue_nile
blue ocean	blue_ocean
blue panoroma	blue_panoroma
blue shuttle	blue_shuttle
blue sky	blue_sky
blue speed	blue_speed
blue sqaure	blue_sqaure
blue streak	blue_streak
blue strip	blue_strip
blue swan	blue_swan
blue tail	blue_tail
blue transport	blue_transport
blue wings	blue_wings
bluebird sudan	bluebird_sudan
bluesky airways	bluesky_airways
bo hai	bo_hai
bonaire express	bonaire_express
bond aviation	bond_aviation
bonito air	bonito_air
bonyad air	bonyad_air
bora jet	bora_jet
boreal aviacion	boreal_aviacion
borek air	borek_air
boss air	boss_air
box kar	box_kar
brasil cargo	brasil_cargo
brass line	brass_line
brazilian air force	brazilian_air_force
brazilian army	brazilian_army
brazilian navy	brazilian_navy
bridge air	bridge_air
bright pearl	bright_pearl
bright services	bright_services
briseair guinee	briseair_guinee
bristow helicopters	bristow_helicopters
british gulf	british_gulf
british medical	british_medical
british north	british_north
brixtel jet	brixtel_jet
brock air	brock_air
buddha air	buddha_air
budget air	budget_air
budget jet	budget_jet
buff express	buff_express
buffalo aero	buffalo_aero
buffalo air	buffalo_air
bul trucks	bul_trucks
bulgarian charter	bulgarian_charter
bulgarian eagle	bulgarian_eagle
bulgarian wings	bulgarian_wings
bun air	bun_air
business air	business_air
business aviation	business_aviation
business flight	business_flight
business hungary	business_hungary
bykovo avia	bykovo_avia
cable check	cable_check
cabo cat	cabo_cat
cadia bird	cadia_bird
cai hong	cai_hong
cal air	cal_air
caliber jet	caliber_jet
california shuttle	california_shuttle
calm air	calm_air
calstar med	calstar_med
cam air	cam_air
cambodia airlines	cambodia_airlines
canadian coast guard	canadian_coast_guard
canadian execaire	canadian_execaire
canadian regional	canadian_regional
canadian western	canadian_western
canarias link	canarias_link
cannes azur	cannes_azur
canyon view	canyon_view
cap city	cap_city
cape smythe air	cape_smythe_air
capital jet	capital_jet
capital rotor	capital_rotor
capital shuttle	capital_shuttle
capitol express	capitol_express
car line	car_line
cards flight	cards_flight
care flight	care_flight
carga aerea	carga_aerea
cargo belize	cargo_belize
cargo bird	cargo_bird
cargo express	cargo_express
cargo hawk	cargo_hawk
cargo king	cargo_king
cargo line	cargo_line
cargo link	cargo_link
cargo max	cargo_max
cargo med	cargo_med
cargo north	cargo_north
cargo south	cargo_south
cargo turk	cargo_turk
cargo unit	cargo_unit
carib star	carib_star
caribbean airlines	caribbean_airlines
caribbean commuter	caribbean_commuter
caribe coro	caribe_coro
carlos cervantes	carlos_cervantes
casino express	casino_express
casper air	casper_air
casper freight	casper_freight
cat kargo	cat_kargo
catalina air	catalina_air
caverton air	caverton_air
cebu air	cebu_air
cedar jet	cedar_jet
cee-em stairs	cee_em_stairs
ceefa charter	ceefa_charter
ceiba line	ceiba_line
centra aereos	centra_aereos
central airways	central_airways
central charter	central_charter
central commuter	central_commuter
central express	central_express
central leone	central_leone
central mongolia	central_mongolia
central stage	central_stage
century airbird	century_airbird
century avia	century_avia
cet aviation	cet_aviation
challenge air	challenge_air
challenge aviation	challenge_aviation
challenge cargo	challenge_cargo
challenge ukraine	challenge_ukraine
champion air	champion_air
chari service	chari_service
charter afrique	charter_afrique
charter brasil	charter_brasil
charter central	charter_central
charter jets	charter_jets
charter ukraine	charter_ukraine
charter wien	charter_wien
charters estonia	charters_estonia
check air	check_air
chesapeake air	chesapeake_air
cheyenne air	cheyenne_air
chicago lincoln	chicago_lincoln
china cargo	china_cargo
china eastern	china_eastern
china express	china_express
china helicopter	china_helicopter
china jet	china_jet
china king	china_king
china national	china_national
china northern	china_northern
china post	china_post
china southern	china_southern
chodang flight	chodang_flight
choice air	choice_air
chong qing	chong_qing
chrome air	chrome_air
church fenton	church_fenton
cimmaron aire	cimmaron_aire
circle city	circle_city
cirrus air	cirrus_air
citadel air	citadel_air
city express	city_express
city jet	city_jet
city world	city_world
civil air ambulance	civil_air_ambulance
class line	class_line
classic air	classic_air
classic jet	classic_jet
clear wing	clear_wing
click air	click_air
clinton airways	clinton_airways
clipper connection	clipper_connection
cloud runner	cloud_runner
club house	club_house
club portugal	club_portugal
clube algarve	clube_algarve
coast center	coast_center
coastal air	coastal_air
coastal clipper	coastal_clipper
coastal travel	coastal_travel
coastguard auxair	coastguard_auxair
color jet	color_jet
columbia heli	columbia_heli
columbia jet	columbia_jet
com flight	com_flight
comercial aerea	comercial_aerea
comfort jet	comfort_jet
commerce bank	commerce_bank
common sky	common_sky
commuter liner	commuter_liner
comoros airline	comoros_airline
company as	company_as
company exec	company_exec
company flight	company_flight
compass rose	compass_rose
concorde air	concorde_air
condor berlin	condor_berlin
congo express	congo_express
conquest air	conquest_air
conroe air	conroe_air
conseta air	conseta_air
consorcio helitec	consorcio_helitec
cool breeze	cool_breeze
cool red	cool_red
cool runnings	cool_runnings
copper state	copper_state
copter trans	copter_trans
corp ejecutiva	corp_ejecutiva
corporativos laguna	corporativos_laguna
cosmic air	cosmic_air
cosmic girl	cosmic_girl
costa norte	costa_norte
costa rican	costa_rican
costa sol	costa_sol
cote divorie	cote_divorie
court air	court_air
cox aviacion	cox_aviacion
coyne air	coyne_air
cree air	cree_air
crimea air	crimea_air
croatian airforce	croatian_airforce
croix rouge	croix_rouge
crow express	crow_express
crown air	crown_air
crown airways	crown_airways
crown jet	crown_jet
crystal thai	crystal_thai
cub driver	cub_driver
cutter flight	cutter_flight
cygnus air	cygnus_air
cyprus aerotrans	cyprus_aerotrans
czech air force	czech_air_force
czech holidays	czech_holidays
czech republic	czech_republic
dac air	dac_air
dac flight	dac_flight
dala air	dala_air
dallas express	dallas_express
dalo airlines	dalo_airlines
dana air	dana_air
danbury airways	danbury_airways
danish airforce	danish_airforce
danish army	danish_army
danish navy	danish_navy
dark blue	dark_blue
dark horse	dark_horse
das congo	das_congo
dasab air	dasab_air
dash charter	dash_charter
dassault aviation	dassault_aviation
data air	data_air
dawn air	dawn_air
deccan cargo	deccan_cargo
deer jet	deer_jet
dek aero	dek_aero
desert flight	desert_flight
desert jet	desert_jet
desert star	desert_star
destila mieles	destila_mieles
dgo jet	dgo_jet
di air	di_air
diamond back	diamond_back
diplomatic clearance	diplomatic_clearance
direct jet	direct_jet
discos reynosa	discos_reynosa
discovery airways	discovery_airways
divi air	divi_air
divine air	divine_air
dix flight	dix_flight
djibouti air	djibouti_air
djibouti falcon	djibouti_falcon
doc air	doc_air
dogwood express	dogwood_express
dollar sign	dollar_sign
don carlos	don_carlos
don juan	don_juan
donbass aero	donbass_aero
donghai air	donghai_air
dorado air	dorado_air
dos mundos	dos_mundos
dot com	dot_com
dot tel	dot_tel
dream bird	dream_bird
dream catcher	dream_catcher
dream team	dream_team
dream wind	dream_wind
drive orange	drive_orange
ducor world	ducor_world
dulles express	dulles_express
durango jet	durango_jet
dushanbe air	dushanbe_air
dutch antilles	dutch_antilles
dutch caribbean	dutch_caribbean
dutch corendon	dutch_corendon
dutch valley	dutch_valley
dylan flight	dylan_flight
dynamic air	dynamic_air
dynamic sky	dynamic_sky
dynamicjet charter	dynamicjet_charter
eagle creek	eagle_creek
eagle express	eagle_express
eagle eye	eagle_eye
eagle flight	eagle_flight
eagle jet	eagle_jet
eagle star	eagle_star
eagle trans	eagle_trans
early bird	early_bird
earth air	earth_air
east coast	east_coast
east horizon	east_horizon
east pac	east_pac
east star	east_star
east tajik	east_tajik
eastcoast jet	eastcoast_jet
eastern cargo	eastern_cargo
eastern carolina	eastern_carolina
eastern skyjets	eastern_skyjets
easy express	easy_express
easy shuttle	easy_shuttle
eclipse jet	eclipse_jet
ecuato guinea	ecuato_guinea
eejay service	eejay_service
efreight sudan	efreight_sudan
egypt acadeny	egypt_acadeny
egyptair cargo	egyptair_cargo
egyptian leisure	egyptian_leisure
ejectuiv pacifico	ejectuiv_pacifico
ejectuivos rcg	ejectuivos_rcg
ejecutiva hidalgo	ejecutiva_hidalgo
ejecutivos queretaro	ejecutivos_queretaro
el al	el_al
el caminante	el_caminante
el sal	el_sal
elbee airline	elbee_airline
elco eti	elco_eti
elite blue	elite_blue
elite dubai	elite_dubai
elite jet	elite_jet
ell-gee air	ell_gee_air
ellinair hellas	ellinair_hellas
embassy air	embassy_air
embassy freight	embassy_freight
emerald jets	emerald_jets
empire air	empire_air
enac school	enac_school
enav check	enav_check
enerjet air	enerjet_air
ensenada especial	ensenada_especial
entergy shuttle	entergy_shuttle
enterprise luhansk	enterprise_luhansk
enterprise ukraine	enterprise_ukraine
eolo plus	eolo_plus
epps air	epps_air
eram air	eram_air
erie shore	erie_shore
eritrean redsea	eritrean_redsea
esen air	esen_air
estonian air force	estonian_air_force
estonian regional	estonian_regional
euralair horizons	euralair_horizons
euro continental	euro_continental
euro exec	euro_exec
euro sun	euro_sun
europa canarias	europa_canarias
ever flight	ever_flight
excel air	excel_air
excell air	excell_air
excellent air	excellent_air
exclusive jet	exclusive_jet
exco air	exco_air
exec aircraft	exec_aircraft
executive eagle	executive_eagle
executive express	executive_express
executive waltz	executive_waltz
exel commuter	exel_commuter
expertos encarga	expertos_encarga
express air	express_air
express freight	express_freight
express international	express_international
express jet	express_jet
express sky	express_sky
express tours	express_tours
express ukraine	express_ukraine
express wing	express_wing
f_u tai	f_u_tai
fab air	fab_air
fair school	fair_school
fair wind	fair_wind
falcon airline	falcon_airline
falcon aviation	falcon_aviation
falcon cargo	falcon_cargo
falcon express	falcon_express
falcon royal	falcon_royal
fan may	fan_may
far eastern	far_eastern
farmingdale state	farmingdale_state
farnair europe	farnair_europe
fars qeshm	fars_qeshm
fason air	fason_air
fast check	fast_check
fax air	fax_air
fayban air	fayban_air
federal airlines	federal_airlines
feeder express	feeder_express
fia airlines	fia_airlines
finalair congo	finalair_congo
fine air	fine_air
finn flight	finn_flight
fire scan	fire_scan
first air	first_air
first cambodia	first_cambodia
first city	first_city
first flight	first_flight
first myanmar	first_myanmar
first nation	first_nation
first sabre	first_sabre
firstline air	firstline_air
flamingo air	flamingo_air
flight academy	flight_academy
flight cal	flight_cal
flight check	flight_check
flight checker	flight_checker
flight express	flight_express
flight group	flight_group
flight international	flight_international
flight red	flight_red
flight rescue	flight_rescue
flight sol	flight_sol
flight taxi	flight_taxi
flight training	flight_training
flight university	flight_university
flint air	flint_air
flo west	flo_west
florida cargo	florida_cargo
florida coastal	florida_coastal
florida transport	florida_transport
fly cargo	fly_cargo
fly company	fly_company
fly duo	fly_duo
fly euro	fly_euro
fly excellent	fly_excellent
fly finn	fly_finn
fly jet	fly_jet
fly tyrol	fly_tyrol
fly world	fly_world
flying bulgaria	flying_bulgaria
flying carpet	flying_carpet
flying center	flying_center
flying devil	flying_devil
flying dolphin	flying_dolphin
flying eagle	flying_eagle
flying fish	flying_fish
flying group	flying_group
flying swede	flying_swede
flynor jet	flynor_jet
fokker flight	fokker_flight
forest ranger	forest_ranger
fort aero	fort_aero
fort worth air	fort_worth_air
fortune air	fortune_air
fox air	fox_air
fox flight	fox_flight
france gendarme	france_gendarme
france soleil	france_soleil
franche compte	franche_compte
free air	free_air
free iberica	free_iberica
free sky	free_sky
freeair copter	freeair_copter
freebird air	freebird_air
freedom air	freedom_air
freedom airways	freedom_airways
freedom eagle	freedom_eagle
freight dog	freight_dog
freight line	freight_line
freight runners	freight_runners
french air force	french_air_force
french army	french_army
french bee	french_bee
french custom	french_custom
french eagle	french_eagle
french hopper	french_hopper
french navy	french_navy
french post	french_post
french rescue	french_rescue
french west	french_west
fresh air	fresh_air
fresh express	fresh_express
friend air	friend_air
frontier flight	frontier_flight
fun flying	fun_flying
fun jet	fun_jet
future express	future_express
g-w air	g_w_air
gacela air	gacela_air
gadair lines	gadair_lines
gading sari	gading_sari
gail force	gail_force
gak aviation	gak_aviation
galaxy air	galaxy_air
galaxy aviation	galaxy_aviation
galaxy cargo	galaxy_cargo
galena air service	galena_air_service
gama jet	gama_jet
gama swiss	gama_swiss
gambia bird	gambia_bird
gambia international	gambia_international
garden city	garden_city
garden state	garden_state
gator flight	gator_flight
geebee airways	geebee_airways
general avia	general_avia
general motors	general_motors
general sky	general_sky
geo centre	geo_centre
georgia fed	georgia_fed
georgia wing	georgia_wing
georgian africa	georgian_africa
georgian balloon	georgian_balloon
german air force	german_air_force
german army	german_army
german cargo	german_cargo
german link	german_link
german navy	german_navy
german polar	german_polar
german sky	german_sky
german sun	german_sun
german wings	german_wings
ghana airlines	ghana_airlines
giant ibis	giant_ibis
gira globo	gira_globo
global airlink	global_airlink
global austria	global_austria
global cargo	global_cargo
global georgian	global_georgian
global jet	global_jet
global jets	global_jets
global jinggong	global_jinggong
global mali	global_mali
global serve	global_serve
global sky	global_sky
go bird	go_bird
goldeck flug	goldeck_flug
golden airlines	golden_airlines
golden angel	golden_angel
golden fin	golden_fin
golden gate	golden_gate
golden hawk	golden_hawk
golden knights	golden_knights
golden mexico	golden_mexico
golden myanmar	golden_myanmar
golden pac	golden_pac
golden rule	golden_rule
golden star	golden_star
golden wings	golden_wings
golf-bravo air	golf_bravo_air
goliaf air	goliaf_air
gorizont air	gorizont_air
gospa air	gospa_air
gpm aeroservicio	gpm_aeroservicio
grace flight	grace_flight
grand aire	grand_aire
grand china	grand_china
grand cru	grand_cru
grand express	grand_express
grand prix	grand_prix
grand vegas	grand_vegas
grandstar cargo	grandstar_cargo
grasshopper ex	grasshopper_ex
gray bird	gray_bird
gray rider	gray_rider
great lakes	great_lakes
great mongolian	great_mongolian
great plains	great_plains
great wall	great_wall
greece airways	greece_airways
green bird	green_bird
green city	green_city
green forest	green_forest
green hills	green_hills
green isle	green_isle
green speed	green_speed
greenbrier air	greenbrier_air
gregg air	gregg_air
grey bird	grey_bird
grey jay	grey_jay
griffin air	griffin_air
grizodubova air	grizodubova_air
gromov air	gromov_air
gromov airline	gromov_airline
ground handling	ground_handling
grupo a_f_a	grupo_a_f_a
guard air	guard_air
guest keen	guest_keen
guinea airways	guinea_airways
guinea cargo	guinea_cargo
guinee air	guinee_air
guinee airlines	guinee_airlines
guinee express	guinee_express
guinee inter	guinee_inter
guinee international	guinee_international
gulf african	gulf_african
gulf air	gulf_air
gulf bahrain	gulf_bahrain
gulf central	gulf_central
gulf coast	gulf_coast
gulf flight	gulf_flight
gulf inter	gulf_inter
gulf med	gulf_med
gulf trans	gulf_trans
gulf wings	gulf_wings
gulfstream test	gulfstream_test
gum air	gum_air
guyana jet	guyana_jet
gyro trekker	gyro_trekker
gyumru avia	gyumru_avia
haiti airline	haiti_airline
haiti avia	haiti_avia
haiti international	haiti_international
haiti transair	haiti_transair
hak airline	hak_airline
hala air	hala_air
hamburg airline	hamburg_airline
hamburg airways	hamburg_airways
hamburg jet	hamburg_jet
han-seo flight	han_seo_flight
handling company	handling_company
hanergy jet	hanergy_jet
hansung air	hansung_air
hapag lloyd	hapag_lloyd
happy travel	happy_travel
harbor air	harbor_air
harco air	harco_air
harmong jets	harmong_jets
hart air	hart_air
hawk mexico	hawk_mexico
heavy cargo	heavy_cargo
heavylift international	heavylift_international
hebei air	hebei_air
heli air	heli_air
heli bulgaria	heli_bulgaria
heli czech	heli_czech
heli excel	heli_excel
heli hire	heli_hire
heli holland	heli_holland
heli saint-tropez	heli_saint_tropez
heli trip	heli_trip
heli union	heli_union
helicop inter	helicop_inter
hellas jet	hellas_jet
hellas lift	hellas_lift
hellas wings	hellas_wings
hellenic air force	hellenic_air_force
hellenic navy	hellenic_navy
hellenic star	hellenic_star
hemus air	hemus_air
hercules jet	hercules_jet
hermis capital	hermis_capital
hex airline	hex_airline
hi star	hi_star
high sky	high_sky
high tide	high_tide
higher ground	higher_ground
hogan air	hogan_air
holding group	holding_group
holiday europe	holiday_europe
holland air	holland_air
holland exel	holland_exel
honda test	honda_test
honduras air	honduras_air
hong xiang	hong_xiang
hongkong government	hongkong_government
hongkong shuttle	hongkong_shuttle
honiara cargo	honiara_cargo
hope air	hope_air
hopscotch air	hopscotch_air
horiz air	horiz_air
horizon air	horizon_air
horizon plus	horizon_plus
horizon sky	horizon_sky
horizon togo	horizon_togo
horizontes aereos	horizontes_aereos
hosham air	hosham_air
hot air	hot_air
houston heli	houston_heli
hughes express	hughes_express
humber air	humber_air
hungarian airforce	hungarian_airforce
hur kus	hur_kus
hurricane charter	hurricane_charter
hydro cargo	hydro_cargo
icarus flights	icarus_flights
ice bridge	ice_bridge
iceland coast	iceland_coast
iliamna air	iliamna_air
illinois commuter	illinois_commuter
imperial airlines	imperial_airlines
inaer euskadi	inaer_euskadi
inaer helicopteros	inaer_helicopteros
inaer offshore	inaer_offshore
independence air	independence_air
indian airforce	indian_airforce
indigo blue	indigo_blue
indo lines	indo_lines
infinity air	infinity_air
insel aruba	insel_aruba
intal avia	intal_avia
inter air	inter_air
inter express	inter_express
inter freedom	inter_freedom
inter guyanne	inter_guyanne
inter iles	inter_iles
inter island	inter_island
inter niger	inter_niger
inter transair	inter_transair
inter wings	inter_wings
interair services	interair_services
intermin avia	intermin_avia
intrans nigeria	intrans_nigeria
invader jack	invader_jack
iowa air	iowa_air
iqra pakistan	iqra_pakistan
irish trans	irish_trans
iron air	iron_air
iron dragon	iron_dragon
irtysh airlines	irtysh_airlines
isla grande	isla_grande
island aviation	island_aviation
island bird	island_bird
island dev	island_dev
island express	island_express
island flight	island_flight
island flyer	island_flyer
island lifeflight	island_lifeflight
island oil	island_oil
island tiger	island_tiger
island tyme	island_tyme
isle avia	isle_avia
israel aircraft	israel_aircraft
italian army	italian_army
italian navy	italian_navy
iva dom	iva_dom
ivoire aero	ivoire_aero
ivoire jet	ivoire_jet
j_s charter	j_s_charter
jade air	jade_air
jade cargo	jade_cargo
jai ocean	jai_ocean
jamaica cargo	jamaica_cargo
jamaica express	jamaica_express
jaro international	jaro_international
jay dee	jay_dee
jeju air	jeju_air
jes air	jes_air
jet aero	jet_aero
jet airways	jet_airways
jet alsace	jet_alsace
jet asia	jet_asia
jet aspen	jet_aspen
jet aviation	jet_aviation
jet belgium	jet_belgium
jet card	jet_card
jet center	jet_center
jet charter	jet_charter
jet connect	jet_connect
jet east	jet_east
jet edge	jet_edge
jet ex	jet_ex
jet executive	jet_executive
jet express	jet_express
jet fret	jet_fret
jet gee-and-dee	jet_gee_and_dee
jet group	jet_group
jet italia	jet_italia
jet key	jet_key
jet lift	jet_lift
jet line	jet_line
jet link	jet_link
jet linx	jet_linx
jet magic	jet_magic
jet management	jet_management
jet mongolia	jet_mongolia
jet nova	jet_nova
jet ops	jet_ops
jet port	jet_port
jet ready	jet_ready
jet rent	jet_rent
jet service	jet_service
jet setter	jet_setter
jet sky	jet_sky
jet solutions	jet_solutions
jet south	jet_south
jet stream	jet_stream
jet test	jet_test
jet time	jet_time
jet usa	jet_usa
jet west	jet_west
jets ejec	jets_ejec
jetstar asia	jetstar_asia
jett paqueteria	jett_paqueteria
jetway team	jetway_team
jey spring	jey_spring
jin air	jin_air
jiu tian	jiu_tian
john deere	john_deere
jooly roger	jooly_roger
jordan air force	jordan_air_force
jordan aviation	jordan_aviation
journey jet	journey_jet
joy air	joy_air
juba cargo	juba_cargo
juma air	juma_air
jump run	jump_run
jung sky	jung_sky
junkanoo air	junkanoo_air
k_l_m heli	k_l_m_heli
kabul air	kabul_air
kaliningrad air	kaliningrad_air
kallat el sker	kallat_el_sker
kanfey haemek	kanfey_haemek
kannithi air	kannithi_air
karibu air	karibu_air
kay dee	kay_dee
kay dub	kay_dub
kay-mile air	kay_mile_air
kazak sunrise	kazak_sunrise
kent heli	kent_heli
key air	key_air
key avia	key_avia
key lime	key_lime
khaki blue	khaki_blue
khaki express	khaki_express
khalifa air	khalifa_air
kharkiv universal	kharkiv_universal
khmer air	khmer_air
kiel air	kiel_air
king star	king_star
kingston air	kingston_air
kinshasa airways	kinshasa_airways
kiwi air	kiwi_air
kiwi rescue	kiwi_rescue
knight flight	knight_flight
koda air	koda_air
kolkol air	kolkol_air
komi avia	komi_avia
koral blue	koral_blue
korea aviation	korea_aviation
korea express	korea_express
korean air	korean_air
korsar avia	korsar_avia
kosmas cargo	kosmas_cargo
krasnojarsky air	krasnojarsky_air
krifka air	krifka_air
kuban lik	kuban_lik
kush aviation	kush_aviation
kuwait cargo	kuwait_cargo
kuwaiti gov	kuwaiti_gov
kuzu cargo	kuzu_cargo
kyrgyz sky	kyrgyz_sky
la montana	la_montana
lab air	lab_air
ladeco cargo	ladeco_cargo
lady racine	lady_racine
lake front	lake_front
lake powell	lake_powell
laker bahamas	laker_bahamas
lakes air	lakes_air
lakes cargo	lakes_cargo
lan ar	lan_ar
lan cargo	lan_cargo
lan chile	lan_chile
lan colombia	lan_colombia
lanna air	lanna_air
laoag air	laoag_air
laredo air	laredo_air
latvian airforce	latvian_airforce
lauda air	lauda_air
lauda italy	lauda_italy
lauda motion	lauda_motion
lauda rush	lauda_rush
laughlin express	laughlin_express
laus air	laus_air
lazur bee-gee	lazur_bee_gee
lebanese air	lebanese_air
lee jet	lee_jet
legacy air	legacy_air
leipzig fair	leipzig_fair
leisure world	leisure_world
leo charter	leo_charter
leo lopoz	leo_lopoz
leo taxi	leo_taxi
liberia airways	liberia_airways
liberty jet	liberty_jet
libyan airforce	libyan_airforce
libyan airways	libyan_airways
libyan bluebird	libyan_bluebird
libyan wings	libyan_wings
life flight	life_flight
life flight canada	life_flight_canada
lifeguard sweden	lifeguard_sweden
lift air	lift_air
light air	light_air
light house	light_house
light speed	light_speed
limair express	limair_express
lindsay air	lindsay_air
lineas azteca	lineas_azteca
lineas cardinal	lineas_cardinal
lineas comerciales	lineas_comerciales
lineas decarga	lineas_decarga
lineas durango	lineas_durango
lineas jose	lineas_jose
lineas mayab	lineas_mayab
lineas mexicanas	lineas_mexicanas
lineas monarca	lineas_monarca
lineas sol	lineas_sol
lineas tehuacan	lineas_tehuacan
link fiji	link_fiji
link service	link_service
linton on ouse	linton_on_ouse
lion inter	lion_inter
lion king	lion_king
lions helicopter	lions_helicopter
lisbon jet	lisbon_jet
lit express	lit_express
lite jet	lite_jet
lithuania air	lithuania_air
lithuanian airforce	lithuanian_airforce
little red	little_red
livingstone air	livingstone_air
london city	london_city
lone star	lone_star
long island	long_island
lotos air	lotos_air
lotus flower	lotus_flower
lucky air	lucky_air
luft transport	luft_transport
lufthansa cargo	lufthansa_cargo
lufthansa technik	lufthansa_technik
lux express	lux_express
lux rescue	lux_rescue
lynch air	lynch_air
lynx air	lynx_air
lynx flight	lynx_flight
lynx servicios	lynx_servicios
lyon helijet	lyon_helijet
m_g__h global	m_g__h_global
mabe flights	mabe_flights
mac aviation	mac_aviation
mac dan	mac_dan
mac foto	mac_foto
machine works	machine_works
madina air	madina_air
mag avacion	mag_avacion
magic air	magic_air
magic blue	magic_blue
magic sun	magic_sun
magna air	magna_air
magnum air	magnum_air
mahan air	mahan_air
majestic air	majestic_air
majestic jet	majestic_jet
mal air	mal_air
malawi express	malawi_express
malay pacific	malay_pacific
mali airexpress	mali_airexpress
mali airways	mali_airways
mali losinj	mali_losinj
malindo express	malindo_express
malta jet	malta_jet
malta star	malta_star
malta wings	malta_wings
maluti sky	maluti_sky
manas air	manas_air
manas wing	manas_wing
manila sky	manila_sky
mann royal	mann_royal
maple air	maple_air
maroc regional	maroc_regional
mars cargo	mars_cargo
mas carga	mas_carga
mass air	mass_air
master airways	master_airways
mauritania airways	mauritania_airways
max avia	max_avia
max aviation	max_aviation
max niger	max_niger
maxair nigeria	maxair_nigeria
maxin air	maxin_air
mayan eagles	mayan_eagles
mayan world	mayan_world
mayboune jet	mayboune_jet
mayotte air	mayotte_air
mbachi air	mbachi_air
meadow flight	meadow_flight
med rescue	med_rescue
media jet	media_jet
medical air	medical_air
medical jet	medical_jet
medifly mex	medifly_mex
mega air	mega_air
mekong airlines	mekong_airlines
mephis uganda	mephis_uganda
meraj airlines	meraj_airlines
merid air	merid_air
meridian cherry	meridian_cherry
meridiana air	meridiana_air
meso americanas	meso_americanas
metro airways	metro_airways
metro regional	metro_regional
mex blue	mex_blue
miami air	miami_air
mid africa	mid_africa
mid pac	mid_pac
midline freight	midline_freight
midwest airlink	midwest_airlink
mig avia	mig_avia
mighty wing	mighty_wing
mihin lanka	mihin_lanka
mile high	mile_high
mill air	mill_air
miller time	miller_time
millon express	millon_express
mint airways	mint_airways
mir scientific	mir_scientific
mira vista	mira_vista
modern air	modern_air
mofaz air	mofaz_air
mohawk air	mohawk_air
monarch air	monarch_air
monarch cargo	monarch_cargo
mondeair cargo	mondeair_cargo
mongol air	mongol_air
mongolia cargo	mongolia_cargo
monterrey air	monterrey_air
montes azules	montes_azules
mooney flight	mooney_flight
morgan air	morgan_air
moscow jet	moscow_jet
most air	most_air
motor sich	motor_sich
mountain air	mountain_air
mountain bird	mountain_bird
mountain high	mountain_high
mountain leone	mountain_leone
mountain pacific	mountain_pacific
mountain valley	mountain_valley
mov air	mov_air
mozambique express	mozambique_express
mtc aviacion	mtc_aviacion
mule flight	mule_flight
multi valle	multi_valle
mundo maya	mundo_maya
murman air	murman_air
murray air	murray_air
musaad air	musaad_air
musrata air	musrata_air
my charter	my_charter
my flight	my_flight
n_d aerotaxis	n_d_aerotaxis
nada air	nada_air
naftex bulgaria	naftex_bulgaria
namibian air force	namibian_air_force
nas express	nas_express
nashville jet	nashville_jet
nat airline	nat_airline
national cargo	national_cargo
national freight	national_freight
national jet	national_jet
nations express	nations_express
nav can	nav_can
nav checker	nav_checker
nav dispatch	nav_dispatch
nayzak air	nayzak_air
necon air	necon_air
neiltown air	neiltown_air
net business	net_business
net rail	net_rail
netherlands air force	netherlands_air_force
netherlands coastguard	netherlands_coastguard
netherlands navy	netherlands_navy
new age	new_age
new avial	new_avial
new bird	new_bird
new dawn	new_dawn
new england	new_england
new world	new_world
new york	new_york
new zealand	new_zealand
nexus aviation	nexus_aviation
nico fliers	nico_fliers
niger airlines	niger_airlines
niger cargo	niger_cargo
niger international	niger_international
nigeria express	nigeria_express
nigerian airforce	nigerian_airforce
night air	night_air
night cargo	night_cargo
night chase	night_chase
night owl	night_owl
night rider	night_rider
night ship	night_ship
nik air	nik_air
nile bird	nile_bird
nile safaris	nile_safaris
nile trading	nile_trading
nile wings	nile_wings
nippon cargo	nippon_cargo
nite star	nite_star
nobil air	nobil_air
nok air	nok_air
nomad air	nomad_air
nor shuttle	nor_shuttle
nordic blue	nordic_blue
nordic global	nordic_global
norse air	norse_air
north american	north_american
north atlantic	north_atlantic
north caribou	north_caribou
north central	north_central
north coast	north_coast
north express	north_express
north flying	north_flying
north link	north_link
north rider	north_rider
north sea	north_sea
northafrican air	northafrican_air
northeast express	northeast_express
northeast swan	northeast_swan
northern dakota	northern_dakota
northern life	northern_life
northern skies	northern_skies
nouvelle affaires	nouvelle_affaires
novo air	novo_air
noy aviation	noy_aviation
nuevo horizonte	nuevo_horizonte
nyx air	nyx_air
oasis air	oasis_air
ocean air	ocean_air
ocean airways	ocean_airways
ocean bird	ocean_bird
odessa air	odessa_air
okada air	okada_air
oman air	oman_air
omega copters	omega_copters
omni air	omni_air
onur air	onur_air
open flight	open_flight
open skies	open_skies
opera jet	opera_jet
operadora aereo	operadora_aereo
operadora de vuelos	operadora_de_vuelos
orange aviation	orange_aviation
orange crane	orange_crane
orange jet	orange_jet
orange liner	orange_liner
orange services	orange_services
orca taxi	orca_taxi
orient liner	orient_liner
orient pacific	orient_pacific
orient thai	orient_thai
oriental air	oriental_air
oriental bridge	oriental_bridge
orion air	orion_air
orion charter	orion_charter
orion malta	orion_malta
osh avia	osh_avia
our airline	our_airline
out back	out_back
oxus airways	oxus_airways
ozark tech	ozark_tech
pac jet	pac_jet
pac valley	pac_valley
pac-east cargo	pac_east_cargo
pacific airlines	pacific_airlines
pacific alaska	pacific_alaska
pacific charter	pacific_charter
pacific international	pacific_international
pacific isle	pacific_isle
pacific jet	pacific_jet
pacific northern	pacific_northern
pacific orient	pacific_orient
pacific pearl	pacific_pearl
pacific sing	pacific_sing
pacific west	pacific_west
pacifico chihuahua	pacifico_chihuahua
pack coast	pack_coast
package express	package_express
pak express	pak_express
pakistan airway	pakistan_airway
pakker avio	pakker_avio
palau asiapac	palau_asiapac
palmbeach jet	palmbeach_jet
pan airlines	pan_airlines
pan malaysia	pan_malaysia
panam express	panam_express
panama rental	panama_rental
papair terminal	papair_terminal
paradise island	paradise_island
paragon express	paragon_express
parcel express	parcel_express
pas air	pas_air
patriot team	patriot_team
pawa dominicana	pawa_dominicana
pawan hans	pawan_hans
peace air	peace_air
peace bird	peace_bird
pearl airways	pearl_airways
pearl line	pearl_line
pearl services	pearl_services
pee jay	pee_jay
peebee air	peebee_air
pelican airways	pelican_airways
pelican express	pelican_express
pelikan line	pelikan_line
pena del aire	pena_del_aire
perforadora central	perforadora_central
perm air	perm_air
pete air	pete_air
petro air	petro_air
pex air	pex_air
phetchabun air	phetchabun_air
phnom-penh air	phnom_penh_air
phoenix armenia	phoenix_armenia
phoenix brasil	phoenix_brasil
phoenix bulgaria	phoenix_bulgaria
phoenix global	phoenix_global
phoenix group	phoenix_group
phoenix jet	phoenix_jet
photros air	photros_air
phuket air	phuket_air
pikes peak	pikes_peak
pilatus mexico	pilatus_mexico
pilatus wings	pilatus_wings
pilot air	pilot_air
pilot school	pilot_school
pine state	pine_state
pineapple air	pineapple_air
pinnacle group	pinnacle_group
pittsburgh jet	pittsburgh_jet
plan aeronaves	plan_aeronaves
platinum air	platinum_air
platinum west	platinum_west
players air	players_air
pluto air	pluto_air
poinsett air	poinsett_air
point airline	point_airline
pointair burkina	pointair_burkina
pointair niger	pointair_niger
polar bear	polar_bear
polar mexico	polar_mexico
police edelweiss	police_edelweiss
police ikarus	police_ikarus
police merlin	police_merlin
police phoenix	police_phoenix
policia federal	policia_federal
polish airforce	polish_airforce
polish bird	polish_bird
polish navy	polish_navy
pond air	pond_air
portuguese air force	portuguese_air_force
portuguese army	portuguese_army
portuguese navy	portuguese_navy
postal cargo	postal_cargo
pouya air lines	pouya_air_lines
powell air	powell_air
praga air	praga_air
prams air	prams_air
precision air	precision_air
premier wings	premier_wings
prime air	prime_air
prime italia	prime_italia
prime nigeria	prime_nigeria
prinair express	prinair_express
princely jets	princely_jets
priority air	priority_air
private cab	private_cab
private flight	private_flight
private wings	private_wings
protea coin	protea_coin
public express	public_express
puma brasil	puma_brasil
qanat sharq	qanat_sharq
qantas jetconnect	qantas_jetconnect
qatar cargo	qatar_cargo
qeshm air	qeshm_air
quaker city	quaker_city
queen air	queen_air
quest african	quest_african
quest mexicana	quest_mexicana
quick air	quick_air
quick speed	quick_speed
quik lift	quik_lift
qurinea air	qurinea_air
qwest air	qwest_air
ra jet	ra_jet
race city	race_city
raleigh service	raleigh_service
ram express	ram_express
ram flight	ram_flight
rath aviation	rath_aviation
raven air	raven_air
raven flight	raven_flight
raven u-s	raven_u_s
ray aviation	ray_aviation
raya express	raya_express
rayyan international	rayyan_international
red angel	red_angel
red arrows	red_arrows
red aviation	red_aviation
red barn	red_barn
red baron	red_baron
red bird	red_bird
red cap	red_cap
red comet	red_comet
red cross	red_cross
red devils	red_devils
red duke	red_duke
red fox	red_fox
red head	red_head
red knight	red_knight
red pelican	red_pelican
red phoenix	red_phoenix
red rock	red_rock
red sea	red_sea
red sky	red_sky
red star	red_star
red sun	red_sun
red tail	red_tail
red wing	red_wing
red wisent	red_wisent
red zone	red_zone
reed aviation	reed_aviation
reef air	reef_air
reem air	reem_air
regal eagle	regal_eagle
regency aviation	regency_aviation
regional airlines	regional_airlines
regional bahamas	regional_bahamas
regional cargo	regional_cargo
regional europe	regional_europe
regional express	regional_express
regional link	regional_link
regional services	regional_services
regional wings	regional_wings
reliance air	reliance_air
remont air	remont_air
rescue jet	rescue_jet
resort air	resort_air
reva air	reva_air
rex air	rex_air
reynolds jet	reynolds_jet
rhein heli	rhein_heli
rhoades express	rhoades_express
riau air	riau_air
riga liner	riga_liner
rio express	rio_express
rising sun	rising_sun
ritz jet	ritz_jet
river city	river_city
river valley	river_valley
rivers jet	rivers_jet
rivne universal	rivne_universal
rizon jet	rizon_jet
road runners	road_runners
rock band	rock_band
rocky mountain	rocky_mountain
rodze air	rodze_air
romanian academy	romanian_academy
rose air	rose_air
ross charter	ross_charter
rotterdam jetcenter	rotterdam_jetcenter
rough rider	rough_rider
roy express	roy_express
royal american	royal_american
royal aruban	royal_aruban
royal bahrain	royal_bahrain
royal belau	royal_belau
royal bhutan	royal_bhutan
royal cargo	royal_cargo
royal ghana	royal_ghana
royal nepal	royal_nepal
royal pakistan	royal_pakistan
royal rwanda	royal_rwanda
royal sky	royal_sky
royal tee-air	royal_tee_air
royal west	royal_west
royal wings	royal_wings
royalair maroc	royalair_maroc
rum benin	rum_benin
rumugu air	rumugu_air
run bitty	run_bitty
rusline air	rusline_air
russia corp	russia_corp
russian airforce	russian_airforce
russian express	russian_express
russian sky	russian_sky
ruta maya	ruta_maya
ryan international	ryan_international
ryazan air	ryazan_air
rynes aviation	rynes_aviation
s_u jet	s_u_jet
sabah air	sabah_air
saber express	saber_express
sabian air	sabian_air
sadko avia	sadko_avia
safari express	safari_express
safat air	safat_air
safe air	safe_air
safe servicios	safe_servicios
safi airways	safi_airways
sage brush	sage_brush
sahand air	sahand_air
sahel airlines	sahel_airlines
saint andrews	saint_andrews
saint athan	saint_athan
saint clair	saint_clair
saint george	saint_george
salma air	salma_air
sam inter	sam_inter
samar air	samar_air
san cristobal	san_cristobal
san juan	san_juan
san marino	san_marino
san rafeal	san_rafeal
sandy isle	sandy_isle
santa barbara	santa_barbara
santa cruise	santa_cruise
saotome airways	saotome_airways
saratov air	saratov_air
satellite express	satellite_express
saudi gold	saudi_gold
sava servicos	sava_servicos
school flying	school_flying
scibe airlift	scibe_airlift
science quest	science_quest
scorpio univers	scorpio_univers
sea breeze	sea_breeze
sea jet	sea_jet
sea ray	sea_ray
second city	second_city
secretaria demarina	secretaria_demarina
security air	security_air
sedona air	sedona_air
selcon air	selcon_air
senegal air	senegal_air
servi andes	servi_andes
servi dinamic	servi_dinamic
servi heli	servi_heli
service center	service_center
servicio sanluis	servicio_sanluis
servicio tecnico	servicio_tecnico
servicios gama	servicios_gama
servicios ilsa	servicios_ilsa
servicios jalisco	servicios_jalisco
servicios latino	servicios_latino
servicios marquesa	servicios_marquesa
servicios nuevoleon	servicios_nuevoleon
servicios personal	servicios_personal
servicios premier	servicios_premier
servicios privados	servicios_privados
servicios slainte	servicios_slainte
servicios viz	servicios_viz
servicos palenque	servicos_palenque
servizi aerei	servizi_aerei
shaheen air	shaheen_air
shaheen cargo	shaheen_cargo
shahin ball	shahin_ball
shan feng	shan_feng
shanghai air	shanghai_air
shanghai cargo	shanghai_cargo
shanghai kingjet	shanghai_kingjet
shans air	shans_air
shenzhen air	shenzhen_air
shin nihon	shin_nihon
shop air	shop_air
shun feng	shun_feng
shura air	shura_air
si chuan	si_chuan
siam airnet	siam_airnet
siberian airlines	siberian_airlines
siberian sky	siberian_sky
siemreap air	siemreap_air
silk cargo	silk_cargo
silk line	silk_line
silk road	silk_road
silk west	silk_west
silkroute airways	silkroute_airways
silvar net	silvar_net
silver arrow	silver_arrow
silver cloud	silver_cloud
silver eagle	silver_eagle
silver speed	silver_speed
silver wings	silver_wings
simple jet	simple_jet
simrik air	simrik_air
sincom avia	sincom_avia
sino beijing	sino_beijing
sino sky	sino_sky
sirio executive	sirio_executive
sirius aero	sirius_aero
sistemas aeronauticos	sistemas_aeronauticos
skagway air	skagway_air
skiva air	skiva_air
sky aeronautical	sky_aeronautical
sky africa	sky_africa
sky air	sky_air
sky airops	sky_airops
sky angkor	sky_angkor
sky aviation	sky_aviation
sky bahamas	sky_bahamas
sky bear	sky_bear
sky bel	sky_bel
sky blue	sky_blue
sky box	sky_box
sky camel	sky_camel
sky capital	sky_capital
sky challenger	sky_challenger
sky coach	sky_coach
sky cube	sky_cube
sky cyprus	sky_cyprus
sky dance	sky_dance
sky dawg	sky_dawg
sky dive	sky_dive
sky dolphin	sky_dolphin
sky dubai	sky_dubai
sky egypt	sky_egypt
sky elite	sky_elite
sky exec	sky_exec
sky express	sky_express
sky eyes	sky_eyes
sky flite	sky_flite
sky flyer	sky_flyer
sky georgia	sky_georgia
sky greece	sky_greece
sky harbor cheyenne	sky_harbor_cheyenne
sky high	sky_high
sky holdings	sky_holdings
sky horse	sky_horse
sky kingdom	sky_kingdom
sky leadair	sky_leadair
sky legend	sky_legend
sky luxury	sky_luxury
sky plan	sky_plan
sky primair	sky_primair
sky prime	sky_prime
sky queen	sky_queen
sky service	sky_service
sky shuttle	sky_shuttle
sky truck	sky_truck
sky uganda	sky_uganda
sky union	sky_union
sky unlimited	sky_unlimited
sky ventures	sky_ventures
sky worker	sky_worker
sky you	sky_you
skybus jet	skybus_jet
skye line	skye_line
skygate avia	skygate_avia
skymaster air	skymaster_air
skynet air	skynet_air
skyward express	skyward_express
slim air	slim_air
slok air	slok_air
slok gambia	slok_gambia
slov line	slov_line
slovak aeroclub	slovak_aeroclub
slovak airforce	slovak_airforce
slovak government	slovak_government
slovenian airforce	slovenian_airforce
small planet	small_planet
smart aviation	smart_aviation
smart cat	smart_cat
smart lynx	smart_lynx
smart trainer	smart_trainer
smart wings	smart_wings
snow eagle	snow_eagle
snow ski	snow_ski
sofia jet	sofia_jet
soko air	soko_air
solaer laguna	solaer_laguna
solar thai	solar_thai
solitaire air	solitaire_air
somon air	somon_air
sonatra-air senegal	sonatra_air_senegal
south african	south_african
south aircharter	south_aircharter
south american	south_american
south asian	south_asian
south central	south_central
south courier	south_courier
south gate	south_gate
south pacific	south_pacific
southeast air	southeast_air
southern air	southern_air
southern charters	southern_charters
southern cross	southern_cross
southern express	southern_express
southern flight	southern_flight
southern frontier	southern_frontier
southern jet	southern_jet
southern ohio	southern_ohio
southern skies	southern_skies
southern winds	southern_winds
space star	space_star
space world	space_world
sparkle roll	sparkle_roll
special system	special_system
speed aviation	speed_aviation
speed cargo	speed_cargo
speed pack	speed_pack
spend air	spend_air
spirit jet	spirit_jet
spirit wings	spirit_wings
sport club	sport_club
spring air	spring_air
spring classic	spring_classic
sprintair cargo	sprintair_cargo
stalbek air	stalbek_air
star charter	star_charter
star check	star_check
star gestar	star_gestar
star service	star_service
star ship	star_ship
star wing	star_wing
star work	star_work
starlight cargo	starlight_cargo
state aero	state_aero
stotz agro	stotz_agro
strait air	strait_air
stream air	stream_air
sub air	sub_air
sud lines	sud_lines
sun burn	sun_burn
sun country	sun_country
sun east	sun_east
sun group	sun_group
sun king	sun_king
sun pacific	sun_pacific
sun west	sun_west
sunny west	sunny_west
sunshine tours	sunshine_tours
sunu air	sunu_air
super jet	super_jet
surf air	surf_air
sverdlovsk air	sverdlovsk_air
swamp fox	swamp_fox
swazi cargo	swazi_cargo
swazi express	swazi_express
swazi national	swazi_national
swiss air force	swiss_air_force
swiss ambulance	swiss_ambulance
swiss eagle	swiss_eagle
swiss hawk	swiss_hawk
swiss jet	swiss_jet
tab international	tab_international
taban air	taban_air
tag aviation	tag_aviation
tag espana	tag_espana
tag jet	tag_jet
tag malta	tag_malta
tag u-s	tag_u_s
tag ukraine	tag_ukraine
tahiti airlines	tahiti_airlines
tajik express	tajik_express
tallinn cat	tallinn_cat
talon air	talon_air
talon flight	talon_flight
tam airline	tam_airline
tan air	tan_air
tarkim aviation	tarkim_aviation
tas helicopteros	tas_helicopteros
tass air	tass_air
tassili air	tassili_air
taxi atizapan	taxi_atizapan
taxi baie	taxi_baie
taxi bird	taxi_bird
taxi cabo	taxi_cabo
taxi cargo	taxi_cargo
taxi cimarron	taxi_cimarron
taxi cozatl	taxi_cozatl
taxi evora	taxi_evora
taxi jet	taxi_jet
taxi norte	taxi_norte
taxi oeste	taxi_oeste
taxis cessna	taxis_cessna
taxis parral	taxis_parral
taxis sinaloa	taxis_sinaloa
taxis toluca	taxis_toluca
team brasil	team_brasil
tehran air	tehran_air
tempus jets	tempus_jets
tender air	tender_air
tenir air	tenir_air
tex star	tex_star
texas airways	texas_airways
texas charter	texas_charter
texas national	texas_national
thai airmark	thai_airmark
thai asia	thai_asia
thai aviation	thai_aviation
thai biz	thai_biz
thai cargo	thai_cargo
thai eagle	thai_eagle
thai express	thai_express
thai flying	thai_flying
thai freighter	thai_freighter
thai global	thai_global
thai hawk	thai_hawk
thai helicopter	thai_helicopter
thai jet	thai_jet
thai pacific	thai_pacific
thai sabai	thai_sabai
thai sky air	thai_sky_air
thai smile	thai_smile
thai space	thai_space
thai star	thai_star
thaiviet jet	thaiviet_jet
third cargo	third_cargo
thomas cook	thomas_cook
thunder bay	thunder_bay
thunder cat	thunder_cat
thunder wings	thunder_wings
tianjiao air	tianjiao_air
tianjin cargo	tianjin_cargo
time air	time_air
tiriac air	tiriac_air
tit avia	tit_avia
titan air	titan_air
tobruk air	tobruk_air
toj airline	toj_airline
tol air	tol_air
toll express	toll_express
toll freight	toll_freight
tombouctou air	tombouctou_air
tomisko cargo	tomisko_cargo
tonga royal	tonga_royal
top hat	top_hat
toumai air	toumai_air
touraine helico	touraine_helico
tradewinds canada	tradewinds_canada
tradewinds express	tradewinds_express
trading cargo	trading_cargo
trail blazer	trail_blazer
tram air	tram_air
trans amazon	trans_amazon
trans arabian	trans_arabian
trans coastal	trans_coastal
trans cortes	trans_cortes
trans dominican	trans_dominican
trans europe	trans_europe
trans express	trans_express
trans florida	trans_florida
trans gulf	trans_gulf
trans guyana	trans_guyana
trans international	trans_international
trans island	trans_island
trans jade	trans_jade
trans maldivian	trans_maldivian
trans mali	trans_mali
trans midwest	trans_midwest
trans mongolia	trans_mongolia
trans north	trans_north
trans pacific	trans_pacific
trans peru	trans_peru
trans provincial	trans_provincial
trans sahara	trans_sahara
trans universal	trans_universal
transair express	transair_express
transaven airline	transaven_airline
transport africain	transport_africain
transport transit	transport_transit
transport uni	transport_uni
transporte regional	transporte_regional
transporte saenz	transporte_saenz
transportes kaua	transportes_kaua
transportes pacifico	transportes_pacifico
trast aero	trast_aero
travel enterprise	travel_enterprise
travel international	travel_international
travel service	travel_service
trend air	trend_air
tri air	tri_air
triple star	triple_star
triple tour	triple_tour
tristar air	tristar_air
triton air	triton_air
true aviation	true_aviation
true north	true_north
tui jet	tui_jet
tunisia cargo	tunisia_cargo
tunisian airforce	tunisian_airforce
tur service	tur_service
turbo dog	turbo_dog
turgai avia	turgai_avia
turismo regional	turismo_regional
turistica aurora	turistica_aurora
turkish airforce	turkish_airforce
turkish republic	turkish_republic
turku air	turku_air
turtle dove	turtle_dove
tuzla air	tuzla_air
twin city	twin_city
twin star	twin_star
tyee air	tyee_air
tyrol ambulance	tyrol_ambulance
u_s air	u_s_air
u_s army	u_s_army
u_s shuttle	u_s_shuttle
uganda cargo	uganda_cargo
uganda royal	uganda_royal
ugly van	ugly_van
ukraine alliance	ukraine_alliance
ukraine copters	ukraine_copters
ukraine international	ukraine_international
ukraine mediterranee	ukraine_mediterranee
ukraine universal	ukraine_universal
ukraine volare	ukraine_volare
ukraine west	ukraine_west
ukrainian wings	ukrainian_wings
umbria fly	umbria_fly
union flights	union_flights
union guinee	union_guinee
united africa	united_africa
united arabian	united_arabian
united aviation	united_aviation
united bangladesh	united_bangladesh
united carriers	united_carriers
united eagle	united_eagle
united european	united_european
united nations	united_nations
united states of america	united_states_of_america
universal jet	universal_jet
urartu air	urartu_air
uri air	uri_air
us charter	us_charter
ut ukraine	ut_ukraine
v_i_p flight	v_i_p_flight
v_r jet	v_r_jet
vanguard air	vanguard_air
vanguardia colima	vanguardia_colima
varna lines	varna_lines
vasco air	vasco_air
vega airlines	vega_airlines
vega aviation	vega_aviation
vegas heat	vegas_heat
vero monmouth	vero_monmouth
viaje aereo	viaje_aereo
viajes don goyo	viajes_don_goyo
viajes mexicanos	viajes_mexicanos
vias ejecutivas	vias_ejecutivas
victoria uganda	victoria_uganda
vienna flight	vienna_flight
vietnam airlines	vietnam_airlines
vigo jet	vigo_jet
villa air	villa_air
vip avia	vip_avia
vip empresarial	vip_empresarial
vip taxi	vip_taxi
virgin express	virgin_express
virgin nigeria	virgin_nigeria
viscount air	viscount_air
vision flight	vision_flight
vista georgia	vista_georgia
vista gulf	vista_gulf
vista jet	vista_jet
viva air colombia	viva_air_colombia
viva peru	viva_peru
voar linhas	voar_linhas
voe cruiser	voe_cruiser
volo sky	volo_sky
vologda air	vologda_air
voyager air	voyager_air
vuela bus	vuela_bus
vuelos med	vuelos_med
vuelos nacionales	vuelos_nacionales
vuelos tehuacan	vuelos_tehuacan
vuelos tollocan	vuelos_tollocan
vulkan air	vulkan_air
vyborg air	vyborg_air
wabash valley	wabash_valley
wagon air	wagon_air
warplane heritage	warplane_heritage
wat phnom	wat_phnom
way aero	way_aero
wayne air	wayne_air
web academy	web_academy
wega franko	wega_franko
west cal	west_cal
west caribbean	west_caribbean
west china	west_china
west coast	west_coast
west ex	west_ex
west georgia	west_georgia
west indian	west_indian
west line	west_line
west link	west_link
west lux	west_lux
west togo	west_togo
westaf airtrans	westaf_airtrans
westaf cargo	westaf_cargo
westair wings	westair_wings
western arctic	western_arctic
western bahamas	western_bahamas
western express	western_express
western global	western_global
westpac rescue	westpac_rescue
white bear	white_bear
white cloud	white_cloud
white eagle	white_eagle
white knight	white_knight
white pelican	white_pelican
wiggins airways	wiggins_airways
wijaya air	wijaya_air
wild onion	wild_onion
wilken air	wilken_air
willow run	willow_run
willy trans	willy_trans
wimbi dira	wimbi_dira
wind rider	wind_rider
wind spirit	wind_spirit
windsor jet	windsor_jet
windy city	windy_city
wing air	wing_air
wing asia	wing_asia
wing lebanon	wing_lebanon
wing shuttle	wing_shuttle
wings abadi	wings_abadi
wings alaska	wings_alaska
wings express	wings_express
wizz air	wizz_air
wizz go	wizz_go
wizzair ukraine	wizzair_ukraine
world class	world_class
world enterprise	world_enterprise
world express	world_express
world flight	world_flight
worldways canada	worldways_canada
wow air	wow_air
wrap air	wrap_air
wright flyer	wright_flyer
wuhan air	wuhan_air
xcel jet	xcel_jet
xiamen air	xiamen_air
xp parcel	xp_parcel
yajie air	yajie_air
yak avia	yak_avia
yakair georgia	yakair_georgia
yana air	yana_air
yangtze river	yangtze_river
yas air	yas_air
yellow bird	yellow_bird
yellow cab	yellow_cab
yellow flyer	yellow_flyer
yellow river	yellow_river
yellow wings	yellow_wings
yemen blue	yemen_blue
yeongnam air	yeongnam_air
yeti airlines	yeti_airlines
yogan air	yogan_air
young air	young_air
young sky	young_sky
yute air	yute_air
zaab air	zaab_air
zaire charter	zaire_charter
zambezi wings	zambezi_wings
zambia cargo	zambia_cargo
zambia skies	zambia_skies
zas airlines	zas_airlines
zed air	zed_air
zenith air	zenith_air
zest airways	zest_airways
zeta flights	zeta_flights
zhersu avia	zhersu_avia
zhong tai	zhong_tai
zhong yuan	zhong_yuan
zil air	zil_air
zim airlink	zim_airlink
zimbabwe cargo	zimbabwe_cargo
zona blava	zona_blava
zori cargo	zori_cargo
